Name,Profession,Gender,County
Client_1,Construction Manager,Female,Marsabit
Client_2,Land Surveyor,Female,Kakamega
Client_3,Project Manager,Male,Kisii
Client_4,Project Manager,Prefer not to say,Bungoma
Client_5,Geotechnical Engineer,Prefer not to say,Vihiga
Client_6,Landscape Architect,Female,Turkana
Client_7,Quantity Surveyor,Female,Garissa
Client_8,Project Manager,Female,ElgeyoMarakwet
Client_9,Hydrologist,Female,Bungoma
Client_10,Mechanical Engineer,Male,Garissa
Client_11,Interior Designer,Female,Wajir
Client_12,Safety Officer,Male,Nandi
Client_13,Architect,Female,Nyandarua
Client_14,Environmental Officer,Prefer not to say,Nandi
Client_15,Electrical Engineer,Male,Isiolo
Client_16,Interior Designer,Female,Marsabit
Client_17,Quantity Surveyor,Male,Kilifi
Client_18,Quantity Surveyor,Prefer not to say,Busia
Client_19,Safety Officer,Male,Marsabit
Client_20,Topo Surveyor,Male,Bomet
Client_21,Water Engineer,Prefer not to say,TanaRiver
Client_22,Interior Designer,Prefer not to say,Bungoma
Client_23,Interior Designer,Female,ElgeyoMarakwet
Client_24,Water Engineer,Female,Kwale
Client_25,Construction Manager,Male,Mandera
Client_26,Topo Surveyor,Prefer not to say,Busia
Client_27,Land Surveyor,Male,Bomet
Client_28,Geotechnical Engineer,Female,Makueni
Client_29,Safety Officer,Male,Nyeri
Client_30,Geotechnical Engineer,Prefer not to say,Machakos
Client_31,Hydrologist,Female,Laikipia
Client_32,Geologist,Male,Embu
Client_33,Construction Manager,Prefer not to say,Samburu
Client_34,Mechanical Engineer,Prefer not to say,Kilifi
Client_35,Mechanical Engineer,Prefer not to say,Kwale
Client_36,Safety Officer,Male,Nyeri
Client_37,Interior Designer,Female,Embu
Client_38,Construction Manager,Prefer not to say,Kilifi
Client_39,Architect,Male,WestPokot
Client_40,Structural Engineer,Male,Kiambu
Client_41,Project Manager,Male,Garissa
Client_42,Geotechnical Engineer,Female,Nakuru
Client_43,Interior Designer,Prefer not to say,Kirinyaga
Client_44,Quantity Surveyor,Prefer not to say,Kirinyaga
Client_45,Water Engineer,Prefer not to say,Nyamira
Client_46,Geotechnical Engineer,Male,Baringo
Client_47,Project Manager,Female,HomaBay
Client_48,Safety Officer,Prefer not to say,Isiolo
Client_49,Mechanical Engineer,Male,Nyeri
Client_50,Geologist,Male,Busia
Client_51,Landscape Architect,Female,Baringo
Client_52,Environmental Officer,Male,Mombasa
Client_53,Geotechnical Engineer,Prefer not to say,Migori
Client_54,Architect,Female,Kiambu
Client_55,Structural Engineer,Female,TanaRiver
Client_56,Electrical Engineer,Female,Kiambu
Client_57,Hydrologist,Male,Nairobi
Client_58,Geotechnical Engineer,Prefer not to say,Meru
Client_59,Construction Manager,Female,Machakos
Client_60,Structural Engineer,Prefer not to say,ElgeyoMarakwet
Client_61,Geologist,Female,Mandera
Client_62,Geotechnical Engineer,Prefer not to say,Samburu
Client_63,Water Engineer,Male,Bungoma
Client_64,Safety Officer,Male,Siaya
Client_65,Roads Engineer,Male,Meru
Client_66,Mechanical Engineer,Female,Laikipia
Client_67,Quantity Surveyor,Female,Isiolo
Client_68,Architect,Female,Nyandarua
Client_69,Topo Surveyor,Female,Busia
Client_70,Land Surveyor,Prefer not to say,Nairobi
Client_71,Construction Manager,Prefer not to say,Kisumu
Client_72,Land Surveyor,Prefer not to say,ElgeyoMarakwet
Client_73,Roads Engineer,Prefer not to say,Kitui
Client_74,Land Surveyor,Prefer not to say,Samburu
Client_75,Geologist,Prefer not to say,Baringo
Client_76,Land Surveyor,Female,Kitui
Client_77,Electrical Engineer,Female,TransNzoia
Client_78,Electrical Engineer,Prefer not to say,Nyamira
Client_79,Environmental Officer,Female,Kericho
Client_80,Topo Surveyor,Male,UasinGishu
Client_81,Mechanical Engineer,Prefer not to say,Nairobi
Client_82,Geologist,Prefer not to say,Kajiado
Client_83,Structural Engineer,Female,Nakuru
Client_84,Quantity Surveyor,Male,Vihiga
Client_85,Mechanical Engineer,Female,Meru
Client_86,Architect,Male,Marsabit
Client_87,Roads Engineer,Female,Muranga
Client_88,Environmental Officer,Male,UasinGishu
Client_89,Topo Surveyor,Female,TanaRiver
Client_90,Water Engineer,Male,TharakaNithi
Client_91,Project Manager,Female,Muranga
Client_92,Geologist,Male,Nyeri
Client_93,Geologist,Prefer not to say,Nyandarua
Client_94,Mechanical Engineer,Prefer not to say,Kakamega
Client_95,Quantity Surveyor,Prefer not to say,Baringo
Client_96,Structural Engineer,Prefer not to say,Siaya
Client_97,Electrical Engineer,Female,Mandera
Client_98,Interior Designer,Male,Laikipia
Client_99,Construction Manager,Female,Wajir
Client_100,Project Manager,Female,Kericho
Client_101,Landscape Architect,Male,Muranga
Client_102,Hydrologist,Prefer not to say,Migori
Client_103,Landscape Architect,Female,Kirinyaga
Client_104,Architect,Female,TanaRiver
Client_105,Structural Engineer,Male,Kirinyaga
Client_106,Interior Designer,Male,Laikipia
Client_107,Geotechnical Engineer,Male,Lamu
Client_108,Electrical Engineer,Female,Samburu
Client_109,Electrical Engineer,Prefer not to say,Narok
Client_110,Environmental Officer,Female,Kericho
Client_111,Quantity Surveyor,Female,TanaRiver
Client_112,Water Engineer,Female,Marsabit
Client_113,Topo Surveyor,Male,Nyeri
Client_114,Landscape Architect,Male,TransNzoia
Client_115,Water Engineer,Female,TransNzoia
Client_116,Mechanical Engineer,Prefer not to say,Samburu
Client_117,Electrical Engineer,Male,WestPokot
Client_118,Construction Manager,Female,Nairobi
Client_119,Topo Surveyor,Male,Lamu
Client_120,Quantity Surveyor,Male,TharakaNithi
Client_121,Mechanical Engineer,Female,Turkana
Client_122,Architect,Male,Makueni
Client_123,Land Surveyor,Prefer not to say,Samburu
Client_124,Safety Officer,Prefer not to say,WestPokot
Client_125,Structural Engineer,Male,Kajiado
Client_126,Geologist,Female,UasinGishu
Client_127,Geotechnical Engineer,Female,Nakuru
Client_128,Water Engineer,Prefer not to say,Machakos
Client_129,Structural Engineer,Prefer not to say,Kilifi
Client_130,Construction Manager,Prefer not to say,Kisumu
Client_131,Topo Surveyor,Female,Nyamira
Client_132,Topo Surveyor,Male,Nyeri
Client_133,Water Engineer,Female,Nyeri
Client_134,Land Surveyor,Female,Samburu
Client_135,Topo Surveyor,Prefer not to say,Garissa
Client_136,Structural Engineer,Female,Vihiga
Client_137,Geologist,Female,Busia
Client_138,Structural Engineer,Male,Makueni
Client_139,Interior Designer,Prefer not to say,Bomet
Client_140,Interior Designer,Female,Migori
Client_141,Project Manager,Male,UasinGishu
Client_142,Structural Engineer,Female,Kitui
Client_143,Land Surveyor,Male,Turkana
Client_144,Quantity Surveyor,Female,Nyeri
Client_145,Architect,Prefer not to say,Garissa
Client_146,Electrical Engineer,Prefer not to say,Narok
Client_147,Water Engineer,Female,Laikipia
Client_148,Project Manager,Male,TaitaTaveta
Client_149,Hydrologist,Male,Narok
Client_150,Land Surveyor,Female,Marsabit
Client_151,Hydrologist,Female,Marsabit
Client_152,Landscape Architect,Female,Nyeri
Client_153,Geologist,Male,Muranga
Client_154,Environmental Officer,Prefer not to say,Bungoma
Client_155,Roads Engineer,Male,Machakos
Client_156,Architect,Prefer not to say,Meru
Client_157,Safety Officer,Female,Mandera
Client_158,Electrical Engineer,Prefer not to say,Siaya
Client_159,Structural Engineer,Prefer not to say,Kilifi
Client_160,Structural Engineer,Prefer not to say,Kajiado
Client_161,Interior Designer,Prefer not to say,Isiolo
Client_162,Roads Engineer,Prefer not to say,Kiambu
Client_163,Water Engineer,Female,Turkana
Client_164,Safety Officer,Prefer not to say,TharakaNithi
Client_165,Geologist,Prefer not to say,Makueni
Client_166,Interior Designer,Female,Kitui
Client_167,Geotechnical Engineer,Male,Nandi
Client_168,Project Manager,Prefer not to say,Kitui
Client_169,Safety Officer,Male,TanaRiver
Client_170,Land Surveyor,Male,Laikipia
Client_171,Mechanical Engineer,Female,Makueni
Client_172,Hydrologist,Female,Bungoma
Client_173,Landscape Architect,Male,Embu
Client_174,Geologist,Male,Baringo
Client_175,Safety Officer,Female,Kisumu
Client_176,Geotechnical Engineer,Prefer not to say,Kakamega
Client_177,Safety Officer,Prefer not to say,Muranga
Client_178,Project Manager,Female,TharakaNithi
Client_179,Mechanical Engineer,Female,UasinGishu
Client_180,Mechanical Engineer,Male,Kisii
Client_181,Water Engineer,Female,Mombasa
Client_182,Structural Engineer,Female,Kericho
Client_183,Water Engineer,Prefer not to say,Samburu
Client_184,Land Surveyor,Male,Nyamira
Client_185,Environmental Officer,Male,Kitui
Client_186,Project Manager,Prefer not to say,Kirinyaga
Client_187,Geotechnical Engineer,Prefer not to say,Kitui
Client_188,Project Manager,Prefer not to say,Kwale
Client_189,Structural Engineer,Male,Nyamira
Client_190,Mechanical Engineer,Female,Vihiga
Client_191,Hydrologist,Male,Kisumu
Client_192,Water Engineer,Female,Embu
Client_193,Architect,Prefer not to say,Kisii
Client_194,Electrical Engineer,Prefer not to say,Baringo
Client_195,Environmental Officer,Male,Kisumu
Client_196,Environmental Officer,Male,Kericho
Client_197,Project Manager,Male,Kwale
Client_198,Environmental Officer,Female,TaitaTaveta
Client_199,Quantity Surveyor,Prefer not to say,Kilifi
Client_200,Landscape Architect,Female,Garissa
Client_201,Water Engineer,Prefer not to say,WestPokot
Client_202,Topo Surveyor,Male,Marsabit
Client_203,Water Engineer,Female,Isiolo
Client_204,Geotechnical Engineer,Female,Kilifi
Client_205,Hydrologist,Female,TharakaNithi
Client_206,Geotechnical Engineer,Male,Kisumu
Client_207,Environmental Officer,Prefer not to say,Kisumu
Client_208,Safety Officer,Male,WestPokot
Client_209,Geotechnical Engineer,Prefer not to say,Wajir
Client_210,Hydrologist,Female,Nairobi
Client_211,Safety Officer,Female,Mandera
Client_212,Topo Surveyor,Prefer not to say,HomaBay
Client_213,Project Manager,Female,Bungoma
Client_214,Water Engineer,Prefer not to say,Kakamega
Client_215,Structural Engineer,Female,Lamu
Client_216,Project Manager,Female,Narok
Client_217,Landscape Architect,Prefer not to say,Vihiga
Client_218,Mechanical Engineer,Male,TanaRiver
Client_219,Geotechnical Engineer,Male,Kwale
Client_220,Topo Surveyor,Prefer not to say,WestPokot
Client_221,Architect,Prefer not to say,Narok
Client_222,Land Surveyor,Male,Kirinyaga
Client_223,Architect,Female,UasinGishu
Client_224,Electrical Engineer,Female,UasinGishu
Client_225,Project Manager,Male,Muranga
Client_226,Hydrologist,Male,Bungoma
Client_227,Geologist,Male,Bomet
Client_228,Electrical Engineer,Male,HomaBay
Client_229,Architect,Male,Nyamira
Client_230,Land Surveyor,Female,Nyeri
Client_231,Electrical Engineer,Male,Nyamira
Client_232,Mechanical Engineer,Female,Kitui
Client_233,Roads Engineer,Prefer not to say,Kakamega
Client_234,Landscape Architect,Female,Nakuru
Client_235,Water Engineer,Female,Bomet
Client_236,Quantity Surveyor,Female,Bomet
Client_237,Safety Officer,Prefer not to say,TharakaNithi
Client_238,Quantity Surveyor,Female,Kitui
Client_239,Landscape Architect,Prefer not to say,Turkana
Client_240,Geotechnical Engineer,Prefer not to say,TransNzoia
Client_241,Electrical Engineer,Female,Machakos
Client_242,Quantity Surveyor,Female,Kisumu
Client_243,Land Surveyor,Prefer not to say,Nyandarua
Client_244,Land Surveyor,Male,ElgeyoMarakwet
Client_245,Structural Engineer,Male,Mandera
Client_246,Architect,Male,Bungoma
Client_247,Topo Surveyor,Male,TransNzoia
Client_248,Water Engineer,Prefer not to say,Bungoma
Client_249,Project Manager,Female,Kwale
Client_250,Water Engineer,Female,Kirinyaga
Client_251,Water Engineer,Male,TharakaNithi
Client_252,Mechanical Engineer,Female,Turkana
Client_253,Hydrologist,Female,TanaRiver
Client_254,Hydrologist,Male,Nandi
Client_255,Landscape Architect,Female,Laikipia
Client_256,Architect,Female,Nyeri
Client_257,Construction Manager,Male,Muranga
Client_258,Environmental Officer,Prefer not to say,Machakos
Client_259,Mechanical Engineer,Prefer not to say,Bungoma
Client_260,Environmental Officer,Female,Embu
Client_261,Mechanical Engineer,Female,Mombasa
Client_262,Topo Surveyor,Prefer not to say,Kirinyaga
Client_263,Structural Engineer,Male,Bungoma
Client_264,Landscape Architect,Male,Kirinyaga
Client_265,Safety Officer,Prefer not to say,Vihiga
Client_266,Quantity Surveyor,Male,Bomet
Client_267,Architect,Male,WestPokot
Client_268,Roads Engineer,Male,Kwale
Client_269,Geologist,Male,Machakos
Client_270,Architect,Prefer not to say,ElgeyoMarakwet
Client_271,Construction Manager,Male,Migori
Client_272,Electrical Engineer,Prefer not to say,Kakamega
Client_273,Project Manager,Male,Meru
Client_274,Quantity Surveyor,Prefer not to say,Nakuru
Client_275,Mechanical Engineer,Female,Meru
Client_276,Quantity Surveyor,Female,Kitui
Client_277,Environmental Officer,Male,Kilifi
Client_278,Interior Designer,Male,Kwale
Client_279,Land Surveyor,Male,Nandi
Client_280,Environmental Officer,Female,Bungoma
Client_281,Environmental Officer,Female,Embu
Client_282,Hydrologist,Female,Kiambu
Client_283,Roads Engineer,Female,Turkana
Client_284,Roads Engineer,Female,Kirinyaga
Client_285,Hydrologist,Male,Bungoma
Client_286,Landscape Architect,Male,Nyamira
Client_287,Safety Officer,Female,Kitui
Client_288,Architect,Female,WestPokot
Client_289,Safety Officer,Female,TaitaTaveta
Client_290,Geotechnical Engineer,Male,Nyandarua
Client_291,Hydrologist,Prefer not to say,ElgeyoMarakwet
Client_292,Safety Officer,Prefer not to say,Laikipia
Client_293,Project Manager,Male,Marsabit
Client_294,Geotechnical Engineer,Female,Turkana
Client_295,Topo Surveyor,Male,Nakuru
Client_296,Hydrologist,Female,Samburu
Client_297,Landscape Architect,Female,Nandi
Client_298,Roads Engineer,Female,Siaya
Client_299,Environmental Officer,Male,Mombasa
Client_300,Electrical Engineer,Prefer not to say,HomaBay
Client_301,Geotechnical Engineer,Prefer not to say,Marsabit
Client_302,Interior Designer,Prefer not to say,Vihiga
Client_303,Structural Engineer,Male,Machakos
Client_304,Project Manager,Female,Wajir
Client_305,Construction Manager,Male,Mombasa
Client_306,Project Manager,Prefer not to say,Makueni
Client_307,Water Engineer,Male,Wajir
Client_308,Water Engineer,Male,Narok
Client_309,Mechanical Engineer,Male,Garissa
Client_310,Structural Engineer,Female,WestPokot
Client_311,Geotechnical Engineer,Prefer not to say,Busia
Client_312,Geologist,Female,Nyamira
Client_313,Topo Surveyor,Male,Nyandarua
Client_314,Interior Designer,Female,Nairobi
Client_315,Water Engineer,Male,Siaya
Client_316,Interior Designer,Female,Embu
Client_317,Landscape Architect,Male,Nairobi
Client_318,Architect,Female,Muranga
Client_319,Architect,Female,Narok
Client_320,Interior Designer,Male,Meru
Client_321,Quantity Surveyor,Female,Laikipia
Client_322,Roads Engineer,Prefer not to say,Muranga
Client_323,Structural Engineer,Prefer not to say,ElgeyoMarakwet
Client_324,Structural Engineer,Female,WestPokot
Client_325,Land Surveyor,Male,Kitui
Client_326,Mechanical Engineer,Prefer not to say,Bomet
Client_327,Safety Officer,Prefer not to say,WestPokot
Client_328,Hydrologist,Female,Turkana
Client_329,Project Manager,Prefer not to say,Laikipia
Client_330,Electrical Engineer,Prefer not to say,Wajir
Client_331,Hydrologist,Male,Kiambu
Client_332,Topo Surveyor,Prefer not to say,Kiambu
Client_333,Architect,Female,TharakaNithi
Client_334,Environmental Officer,Female,Nandi
Client_335,Construction Manager,Female,WestPokot
Client_336,Project Manager,Male,Kwale
Client_337,Interior Designer,Female,Migori
Client_338,Roads Engineer,Male,Isiolo
Client_339,Topo Surveyor,Female,Bomet
Client_340,Water Engineer,Prefer not to say,Lamu
Client_341,Environmental Officer,Male,Baringo
Client_342,Environmental Officer,Male,Kwale
Client_343,Topo Surveyor,Female,Lamu
Client_344,Geotechnical Engineer,Female,Garissa
Client_345,Geotechnical Engineer,Male,Mombasa
Client_346,Project Manager,Male,TanaRiver
Client_347,Construction Manager,Prefer not to say,Kakamega
Client_348,Construction Manager,Prefer not to say,TharakaNithi
Client_349,Water Engineer,Prefer not to say,Garissa
Client_350,Hydrologist,Female,Meru
Client_351,Landscape Architect,Prefer not to say,Marsabit
Client_352,Project Manager,Female,Kilifi
Client_353,Mechanical Engineer,Female,Embu
Client_354,Quantity Surveyor,Male,Machakos
Client_355,Project Manager,Female,Bomet
Client_356,Quantity Surveyor,Prefer not to say,Narok
Client_357,Roads Engineer,Prefer not to say,Kisii
Client_358,Environmental Officer,Prefer not to say,Kisii
Client_359,Geologist,Female,Meru
Client_360,Quantity Surveyor,Prefer not to say,Bomet
Client_361,Interior Designer,Male,Meru
Client_362,Structural Engineer,Prefer not to say,Narok
Client_363,Water Engineer,Female,Kisumu
Client_364,Landscape Architect,Female,Mandera
Client_365,Structural Engineer,Male,Kilifi
Client_366,Structural Engineer,Female,Turkana
Client_367,Interior Designer,Prefer not to say,Wajir
Client_368,Interior Designer,Female,Mombasa
Client_369,Structural Engineer,Male,ElgeyoMarakwet
Client_370,Land Surveyor,Prefer not to say,Machakos
Client_371,Environmental Officer,Prefer not to say,Machakos
Client_372,Geologist,Prefer not to say,Kiambu
Client_373,Land Surveyor,Male,WestPokot
Client_374,Structural Engineer,Prefer not to say,Migori
Client_375,Land Surveyor,Female,Vihiga
Client_376,Roads Engineer,Female,Garissa
Client_377,Land Surveyor,Male,Narok
Client_378,Safety Officer,Male,Kwale
Client_379,Architect,Male,Machakos
Client_380,Roads Engineer,Female,Meru
Client_381,Environmental Officer,Female,Meru
Client_382,Land Surveyor,Female,Muranga
Client_383,Environmental Officer,Female,Muranga
Client_384,Environmental Officer,Male,Vihiga
Client_385,Safety Officer,Female,Turkana
Client_386,Environmental Officer,Prefer not to say,Mombasa
Client_387,Water Engineer,Prefer not to say,Marsabit
Client_388,Geologist,Female,Kisumu
Client_389,Environmental Officer,Prefer not to say,Meru
Client_390,Project Manager,Prefer not to say,Nairobi
Client_391,Interior Designer,Male,Lamu
Client_392,Interior Designer,Prefer not to say,Isiolo
Client_393,Safety Officer,Prefer not to say,Wajir
Client_394,Structural Engineer,Prefer not to say,Nyandarua
Client_395,Geotechnical Engineer,Female,Bomet
Client_396,Water Engineer,Male,Muranga
Client_397,Architect,Female,WestPokot
Client_398,Electrical Engineer,Female,Mombasa
Client_399,Landscape Architect,Prefer not to say,Wajir
Client_400,Safety Officer,Male,Makueni
Client_401,Interior Designer,Prefer not to say,Kirinyaga
Client_402,Roads Engineer,Prefer not to say,Samburu
Client_403,Environmental Officer,Prefer not to say,Vihiga
Client_404,Land Surveyor,Prefer not to say,Nyamira
Client_405,Land Surveyor,Female,UasinGishu
Client_406,Topo Surveyor,Prefer not to say,ElgeyoMarakwet
Client_407,Roads Engineer,Male,Isiolo
Client_408,Land Surveyor,Male,TaitaTaveta
Client_409,Construction Manager,Female,TransNzoia
Client_410,Interior Designer,Male,Migori
Client_411,Water Engineer,Prefer not to say,Machakos
Client_412,Landscape Architect,Female,Nairobi
Client_413,Geotechnical Engineer,Male,Makueni
Client_414,Geologist,Female,Mombasa
Client_415,Mechanical Engineer,Prefer not to say,Nakuru
Client_416,Structural Engineer,Male,TaitaTaveta
Client_417,Topo Surveyor,Male,Nyeri
Client_418,Project Manager,Male,Turkana
Client_419,Hydrologist,Female,Lamu
Client_420,Roads Engineer,Female,Kericho
Client_421,Environmental Officer,Prefer not to say,Muranga
Client_422,Environmental Officer,Prefer not to say,Migori
Client_423,Topo Surveyor,Male,Lamu
Client_424,Safety Officer,Female,Narok
Client_425,Hydrologist,Female,Lamu
Client_426,Hydrologist,Male,TanaRiver
Client_427,Geotechnical Engineer,Female,Nyandarua
Client_428,Project Manager,Prefer not to say,Kwale
Client_429,Architect,Female,Isiolo
Client_430,Land Surveyor,Prefer not to say,Wajir
Client_431,Roads Engineer,Female,TaitaTaveta
Client_432,Electrical Engineer,Female,Laikipia
Client_433,Topo Surveyor,Prefer not to say,Garissa
Client_434,Project Manager,Male,Kakamega
Client_435,Mechanical Engineer,Female,Meru
Client_436,Architect,Female,Wajir
Client_437,Water Engineer,Male,Bomet
Client_438,Geologist,Female,Embu
Client_439,Architect,Prefer not to say,Kilifi
Client_440,Structural Engineer,Male,Kisii
Client_441,Geotechnical Engineer,Prefer not to say,UasinGishu
Client_442,Electrical Engineer,Female,Kitui
Client_443,Mechanical Engineer,Male,UasinGishu
Client_444,Project Manager,Male,HomaBay
Client_445,Geologist,Male,TransNzoia
Client_446,Architect,Female,Marsabit
Client_447,Hydrologist,Prefer not to say,ElgeyoMarakwet
Client_448,Structural Engineer,Male,Kajiado
Client_449,Electrical Engineer,Male,Migori
Client_450,Roads Engineer,Male,Kisii
Client_451,Roads Engineer,Prefer not to say,Bungoma
Client_452,Geotechnical Engineer,Prefer not to say,Kericho
Client_453,Landscape Architect,Prefer not to say,Nairobi
Client_454,Landscape Architect,Female,Kirinyaga
Client_455,Topo Surveyor,Female,Kericho
Client_456,Project Manager,Prefer not to say,Busia
Client_457,Mechanical Engineer,Male,Vihiga
Client_458,Architect,Male,Kisumu
Client_459,Hydrologist,Female,ElgeyoMarakwet
Client_460,Structural Engineer,Female,Kajiado
Client_461,Topo Surveyor,Male,Nyamira
Client_462,Quantity Surveyor,Male,Lamu
Client_463,Construction Manager,Male,ElgeyoMarakwet
Client_464,Topo Surveyor,Prefer not to say,Migori
Client_465,Environmental Officer,Female,TharakaNithi
Client_466,Geologist,Prefer not to say,Isiolo
Client_467,Interior Designer,Male,Nyandarua
Client_468,Electrical Engineer,Female,Nyamira
Client_469,Electrical Engineer,Female,Samburu
Client_470,Interior Designer,Prefer not to say,Siaya
Client_471,Environmental Officer,Female,Migori
Client_472,Geologist,Male,Baringo
Client_473,Environmental Officer,Male,Busia
Client_474,Quantity Surveyor,Prefer not to say,TanaRiver
Client_475,Safety Officer,Female,Kisii
Client_476,Geotechnical Engineer,Prefer not to say,Makueni
Client_477,Topo Surveyor,Male,Nakuru
Client_478,Quantity Surveyor,Prefer not to say,Nakuru
Client_479,Landscape Architect,Female,Nyandarua
Client_480,Electrical Engineer,Prefer not to say,Turkana
Client_481,Water Engineer,Female,WestPokot
Client_482,Topo Surveyor,Prefer not to say,Nairobi
Client_483,Geotechnical Engineer,Male,HomaBay
Client_484,Roads Engineer,Male,Nandi
Client_485,Geotechnical Engineer,Prefer not to say,Kilifi
Client_486,Geologist,Male,Baringo
Client_487,Geotechnical Engineer,Male,Turkana
Client_488,Architect,Female,Isiolo
Client_489,Geologist,Female,Busia
Client_490,Safety Officer,Female,WestPokot
Client_491,Safety Officer,Prefer not to say,Nyeri
Client_492,Hydrologist,Male,Kiambu
Client_493,Project Manager,Male,TanaRiver
Client_494,Environmental Officer,Male,ElgeyoMarakwet
Client_495,Environmental Officer,Female,Kitui
Client_496,Electrical Engineer,Male,Kiambu
Client_497,Geotechnical Engineer,Female,Narok
Client_498,Landscape Architect,Prefer not to say,Nyandarua
Client_499,Geologist,Female,Migori
Client_500,Project Manager,Male,Kajiado
Client_501,Landscape Architect,Male,ElgeyoMarakwet
Client_502,Quantity Surveyor,Prefer not to say,Laikipia
Client_503,Roads Engineer,Prefer not to say,Lamu
Client_504,Quantity Surveyor,Male,Bungoma
Client_505,Electrical Engineer,Male,Nyandarua
Client_506,Hydrologist,Prefer not to say,Makueni
Client_507,Interior Designer,Female,Kericho
Client_508,Electrical Engineer,Prefer not to say,Vihiga
Client_509,Safety Officer,Male,Turkana
Client_510,Electrical Engineer,Prefer not to say,Narok
Client_511,Water Engineer,Male,TanaRiver
Client_512,Land Surveyor,Male,Nandi
Client_513,Topo Surveyor,Prefer not to say,Makueni
Client_514,Roads Engineer,Male,Kisumu
Client_515,Structural Engineer,Male,TanaRiver
Client_516,Land Surveyor,Female,Baringo
Client_517,Interior Designer,Prefer not to say,Busia
Client_518,Hydrologist,Female,Siaya
Client_519,Project Manager,Female,Kitui
Client_520,Safety Officer,Prefer not to say,Bomet
Client_521,Roads Engineer,Male,Bomet
Client_522,Roads Engineer,Female,Kilifi
Client_523,Architect,Prefer not to say,Makueni
Client_524,Safety Officer,Prefer not to say,Samburu
Client_525,Mechanical Engineer,Female,Kilifi
Client_526,Topo Surveyor,Prefer not to say,TaitaTaveta
Client_527,Roads Engineer,Female,Nyeri
Client_528,Architect,Prefer not to say,Nakuru
Client_529,Construction Manager,Female,Samburu
Client_530,Architect,Male,Wajir
Client_531,Safety Officer,Prefer not to say,TransNzoia
Client_532,Architect,Female,Kericho
Client_533,Quantity Surveyor,Female,Machakos
Client_534,Quantity Surveyor,Female,Nakuru
Client_535,Safety Officer,Male,Muranga
Client_536,Project Manager,Female,Laikipia
Client_537,Land Surveyor,Female,Kirinyaga
Client_538,Environmental Officer,Prefer not to say,TaitaTaveta
Client_539,Safety Officer,Female,Nyeri
Client_540,Safety Officer,Prefer not to say,Meru
Client_541,Topo Surveyor,Male,Bomet
Client_542,Mechanical Engineer,Female,Marsabit
Client_543,Roads Engineer,Male,Mombasa
Client_544,Topo Surveyor,Male,UasinGishu
Client_545,Geotechnical Engineer,Male,Garissa
Client_546,Topo Surveyor,Prefer not to say,Mandera
Client_547,Electrical Engineer,Female,HomaBay
Client_548,Mechanical Engineer,Prefer not to say,Vihiga
Client_549,Roads Engineer,Male,Kakamega
Client_550,Geotechnical Engineer,Female,ElgeyoMarakwet
Client_551,Land Surveyor,Female,Siaya
Client_552,Mechanical Engineer,Male,Embu
Client_553,Construction Manager,Male,Kiambu
Client_554,Land Surveyor,Male,Bomet
Client_555,Hydrologist,Male,Samburu
Client_556,Landscape Architect,Female,Kakamega
Client_557,Interior Designer,Prefer not to say,Lamu
Client_558,Quantity Surveyor,Female,Kakamega
Client_559,Quantity Surveyor,Female,Turkana
Client_560,Geologist,Prefer not to say,ElgeyoMarakwet
Client_561,Mechanical Engineer,Female,Marsabit
Client_562,Land Surveyor,Prefer not to say,Kisumu
Client_563,Water Engineer,Male,Nairobi
Client_564,Electrical Engineer,Male,Baringo
Client_565,Architect,Male,Baringo
Client_566,Architect,Male,TanaRiver
Client_567,Structural Engineer,Prefer not to say,Laikipia
Client_568,Structural Engineer,Prefer not to say,Turkana
Client_569,Land Surveyor,Male,Lamu
Client_570,Roads Engineer,Male,Kisii
Client_571,Landscape Architect,Male,Embu
Client_572,Hydrologist,Male,Bomet
Client_573,Roads Engineer,Prefer not to say,Mandera
Client_574,Mechanical Engineer,Female,Nandi
Client_575,Quantity Surveyor,Female,Samburu
Client_576,Structural Engineer,Male,Samburu
Client_577,Interior Designer,Prefer not to say,Nyandarua
Client_578,Roads Engineer,Prefer not to say,Kisumu
Client_579,Landscape Architect,Male,WestPokot
Client_580,Topo Surveyor,Prefer not to say,Bungoma
Client_581,Land Surveyor,Female,Kiambu
Client_582,Land Surveyor,Female,Kitui
Client_583,Geologist,Female,TharakaNithi
Client_584,Construction Manager,Male,Baringo
Client_585,Interior Designer,Prefer not to say,UasinGishu
Client_586,Interior Designer,Prefer not to say,Nandi
Client_587,Electrical Engineer,Female,TransNzoia
Client_588,Structural Engineer,Male,TanaRiver
Client_589,Geotechnical Engineer,Prefer not to say,Lamu
Client_590,Roads Engineer,Male,Isiolo
Client_591,Interior Designer,Prefer not to say,Nairobi
Client_592,Structural Engineer,Female,Migori
Client_593,Construction Manager,Female,UasinGishu
Client_594,Electrical Engineer,Female,Baringo
Client_595,Geotechnical Engineer,Male,Turkana
Client_596,Safety Officer,Male,Samburu
Client_597,Project Manager,Prefer not to say,Muranga
Client_598,Landscape Architect,Male,Kilifi
Client_599,Interior Designer,Male,Nyamira
Client_600,Mechanical Engineer,Male,Wajir
Client_601,Land Surveyor,Prefer not to say,Lamu
Client_602,Landscape Architect,Male,Machakos
Client_603,Electrical Engineer,Male,TransNzoia
Client_604,Geotechnical Engineer,Male,Mombasa
Client_605,Geotechnical Engineer,Female,Kisumu
Client_606,Water Engineer,Female,Mandera
Client_607,Land Surveyor,Female,Embu
Client_608,Environmental Officer,Female,Makueni
Client_609,Safety Officer,Female,Migori
Client_610,Roads Engineer,Female,Wajir
Client_611,Construction Manager,Female,Machakos
Client_612,Electrical Engineer,Male,TharakaNithi
Client_613,Interior Designer,Female,Nakuru
Client_614,Mechanical Engineer,Female,HomaBay
Client_615,Hydrologist,Male,Nandi
Client_616,Topo Surveyor,Male,Machakos
Client_617,Hydrologist,Male,Wajir
Client_618,Safety Officer,Female,Baringo
Client_619,Geologist,Female,Kwale
Client_620,Roads Engineer,Male,Wajir
Client_621,Topo Surveyor,Male,Muranga
Client_622,Water Engineer,Prefer not to say,Kisumu
Client_623,Interior Designer,Female,ElgeyoMarakwet
Client_624,Construction Manager,Prefer not to say,Mombasa
Client_625,Architect,Male,Nyandarua
Client_626,Geotechnical Engineer,Male,Nyeri
Client_627,Roads Engineer,Prefer not to say,Nakuru
Client_628,Water Engineer,Male,WestPokot
Client_629,Architect,Female,Turkana
Client_630,Construction Manager,Male,Nairobi
Client_631,Structural Engineer,Female,Bomet
Client_632,Environmental Officer,Prefer not to say,Wajir
Client_633,Roads Engineer,Male,Isiolo
Client_634,Geologist,Female,Bungoma
Client_635,Roads Engineer,Female,HomaBay
Client_636,Electrical Engineer,Female,Siaya
Client_637,Project Manager,Prefer not to say,Machakos
Client_638,Interior Designer,Male,Kajiado
Client_639,Roads Engineer,Prefer not to say,Nakuru
Client_640,Geologist,Prefer not to say,Marsabit
Client_641,Hydrologist,Female,Nakuru
Client_642,Mechanical Engineer,Female,WestPokot
Client_643,Water Engineer,Male,Kilifi
Client_644,Water Engineer,Female,Vihiga
Client_645,Safety Officer,Female,Bungoma
Client_646,Interior Designer,Female,WestPokot
Client_647,Land Surveyor,Female,TransNzoia
Client_648,Hydrologist,Female,Marsabit
Client_649,Land Surveyor,Prefer not to say,Garissa
Client_650,Safety Officer,Male,Kakamega
Client_651,Land Surveyor,Male,Migori
Client_652,Landscape Architect,Prefer not to say,Nyandarua
Client_653,Project Manager,Male,Baringo
Client_654,Landscape Architect,Female,Nandi
Client_655,Quantity Surveyor,Female,Vihiga
Client_656,Roads Engineer,Female,Baringo
Client_657,Interior Designer,Prefer not to say,Makueni
Client_658,Electrical Engineer,Female,Laikipia
Client_659,Structural Engineer,Female,HomaBay
Client_660,Structural Engineer,Prefer not to say,Nandi
Client_661,Geotechnical Engineer,Male,Nairobi
Client_662,Quantity Surveyor,Female,Marsabit
Client_663,Geotechnical Engineer,Female,Muranga
Client_664,Safety Officer,Female,WestPokot
Client_665,Quantity Surveyor,Prefer not to say,ElgeyoMarakwet
Client_666,Land Surveyor,Prefer not to say,TanaRiver
Client_667,Quantity Surveyor,Male,Kitui
Client_668,Landscape Architect,Prefer not to say,Embu
Client_669,Topo Surveyor,Female,Lamu
Client_670,Architect,Male,Isiolo
Client_671,Project Manager,Prefer not to say,TaitaTaveta
Client_672,Topo Surveyor,Prefer not to say,Kakamega
Client_673,Topo Surveyor,Prefer not to say,Meru
Client_674,Roads Engineer,Prefer not to say,Wajir
Client_675,Hydrologist,Prefer not to say,UasinGishu
Client_676,Project Manager,Male,Embu
Client_677,Hydrologist,Male,Kitui
Client_678,Structural Engineer,Prefer not to say,Lamu
Client_679,Land Surveyor,Male,Busia
Client_680,Mechanical Engineer,Prefer not to say,Embu
Client_681,Architect,Male,UasinGishu
Client_682,Topo Surveyor,Male,Kericho
Client_683,Construction Manager,Male,Meru
Client_684,Construction Manager,Male,Nandi
Client_685,Interior Designer,Male,Laikipia
Client_686,Mechanical Engineer,Male,Baringo
Client_687,Geotechnical Engineer,Male,Muranga
Client_688,Project Manager,Male,Nyamira
Client_689,Hydrologist,Male,Nakuru
Client_690,Landscape Architect,Prefer not to say,Nairobi
Client_691,Mechanical Engineer,Female,Kitui
Client_692,Mechanical Engineer,Prefer not to say,TharakaNithi
Client_693,Water Engineer,Prefer not to say,Nyeri
Client_694,Geotechnical Engineer,Female,Machakos
Client_695,Mechanical Engineer,Female,Kisii
Client_696,Geotechnical Engineer,Male,Garissa
Client_697,Roads Engineer,Prefer not to say,Muranga
Client_698,Architect,Male,Kakamega
Client_699,Landscape Architect,Female,Garissa
Client_700,Roads Engineer,Female,Marsabit
Client_701,Project Manager,Male,Kisii
Client_702,Structural Engineer,Female,Baringo
Client_703,Landscape Architect,Male,Nandi
Client_704,Electrical Engineer,Female,Kwale
Client_705,Geotechnical Engineer,Female,Kirinyaga
Client_706,Landscape Architect,Female,Baringo
Client_707,Topo Surveyor,Female,Marsabit
Client_708,Structural Engineer,Male,Laikipia
Client_709,Hydrologist,Male,Turkana
Client_710,Landscape Architect,Male,Kiambu
Client_711,Roads Engineer,Prefer not to say,Migori
Client_712,Mechanical Engineer,Male,ElgeyoMarakwet
Client_713,Architect,Female,Makueni
Client_714,Architect,Prefer not to say,TanaRiver
Client_715,Water Engineer,Male,Kwale
Client_716,Interior Designer,Male,Machakos
Client_717,Structural Engineer,Prefer not to say,Machakos
Client_718,Topo Surveyor,Female,Lamu
Client_719,Safety Officer,Female,Isiolo
Client_720,Roads Engineer,Prefer not to say,Nyeri
Client_721,Hydrologist,Female,Marsabit
Client_722,Construction Manager,Male,Nairobi
Client_723,Environmental Officer,Male,Vihiga
Client_724,Land Surveyor,Prefer not to say,Nandi
Client_725,Roads Engineer,Male,Baringo
Client_726,Electrical Engineer,Prefer not to say,Nairobi
Client_727,Mechanical Engineer,Male,Laikipia
Client_728,Geotechnical Engineer,Male,HomaBay
Client_729,Electrical Engineer,Male,Kisumu
Client_730,Roads Engineer,Male,ElgeyoMarakwet
Client_731,Hydrologist,Female,Laikipia
Client_732,Mechanical Engineer,Male,Muranga
Client_733,Mechanical Engineer,Prefer not to say,Machakos
Client_734,Project Manager,Prefer not to say,TaitaTaveta
Client_735,Structural Engineer,Female,Kirinyaga
Client_736,Safety Officer,Prefer not to say,Machakos
Client_737,Mechanical Engineer,Prefer not to say,Garissa
Client_738,Roads Engineer,Female,Nakuru
Client_739,Hydrologist,Female,Kiambu
Client_740,Mechanical Engineer,Male,Samburu
Client_741,Project Manager,Male,HomaBay
Client_742,Geologist,Male,Bungoma
Client_743,Land Surveyor,Prefer not to say,Nakuru
Client_744,Interior Designer,Prefer not to say,Isiolo
Client_745,Land Surveyor,Male,Kiambu
Client_746,Roads Engineer,Male,Siaya
Client_747,Safety Officer,Prefer not to say,Makueni
Client_748,Safety Officer,Female,Lamu
Client_749,Interior Designer,Prefer not to say,Bomet
Client_750,Quantity Surveyor,Female,Siaya
Client_751,Roads Engineer,Male,Baringo
Client_752,Geologist,Female,Kajiado
Client_753,Mechanical Engineer,Female,Nyeri
Client_754,Roads Engineer,Prefer not to say,Busia
Client_755,Topo Surveyor,Male,Isiolo
Client_756,Hydrologist,Male,Marsabit
Client_757,Roads Engineer,Prefer not to say,TransNzoia
Client_758,Safety Officer,Male,Kajiado
Client_759,Hydrologist,Prefer not to say,Isiolo
Client_760,Safety Officer,Prefer not to say,Migori
Client_761,Structural Engineer,Male,Nandi
Client_762,Hydrologist,Female,Makueni
Client_763,Water Engineer,Prefer not to say,Nandi
Client_764,Mechanical Engineer,Male,Kisii
Client_765,Landscape Architect,Male,Kwale
Client_766,Roads Engineer,Female,Nyamira
Client_767,Architect,Male,Marsabit
Client_768,Landscape Architect,Female,Makueni
Client_769,Roads Engineer,Female,UasinGishu
Client_770,Architect,Female,Nandi
Client_771,Architect,Prefer not to say,Samburu
Client_772,Electrical Engineer,Male,TanaRiver
Client_773,Interior Designer,Male,Kericho
Client_774,Structural Engineer,Prefer not to say,TanaRiver
Client_775,Project Manager,Male,Vihiga
Client_776,Project Manager,Male,Wajir
Client_777,Topo Surveyor,Male,Nyandarua
Client_778,Quantity Surveyor,Prefer not to say,Vihiga
Client_779,Hydrologist,Prefer not to say,Mandera
Client_780,Interior Designer,Male,Migori
Client_781,Geologist,Female,Siaya
Client_782,Interior Designer,Male,Laikipia
Client_783,Quantity Surveyor,Male,Bomet
Client_784,Safety Officer,Male,Nandi
Client_785,Structural Engineer,Male,Baringo
Client_786,Environmental Officer,Prefer not to say,TharakaNithi
Client_787,Architect,Prefer not to say,Kitui
Client_788,Water Engineer,Male,Kericho
Client_789,Electrical Engineer,Male,Busia
Client_790,Mechanical Engineer,Prefer not to say,Meru
Client_791,Architect,Male,Kisii
Client_792,Construction Manager,Prefer not to say,Nandi
Client_793,Quantity Surveyor,Female,Wajir
Client_794,Environmental Officer,Male,HomaBay
Client_795,Water Engineer,Female,TaitaTaveta
Client_796,Safety Officer,Prefer not to say,Nyamira
Client_797,Electrical Engineer,Male,TharakaNithi
Client_798,Project Manager,Male,Siaya
Client_799,Mechanical Engineer,Female,Siaya
Client_800,Construction Manager,Prefer not to say,TanaRiver
Client_801,Electrical Engineer,Male,Kisumu
Client_802,Mechanical Engineer,Male,Kisumu
Client_803,Construction Manager,Male,ElgeyoMarakwet
Client_804,Roads Engineer,Prefer not to say,Nandi
Client_805,Interior Designer,Male,Vihiga
Client_806,Environmental Officer,Male,TharakaNithi
Client_807,Project Manager,Prefer not to say,HomaBay
Client_808,Topo Surveyor,Male,Kericho
Client_809,Roads Engineer,Prefer not to say,WestPokot
Client_810,Quantity Surveyor,Prefer not to say,TharakaNithi
Client_811,Interior Designer,Prefer not to say,Bungoma
Client_812,Project Manager,Male,Turkana
Client_813,Environmental Officer,Female,Migori
Client_814,Landscape Architect,Prefer not to say,Muranga
Client_815,Architect,Male,Nyamira
Client_816,Mechanical Engineer,Male,Kirinyaga
Client_817,Interior Designer,Prefer not to say,Laikipia
Client_818,Electrical Engineer,Male,Kwale
Client_819,Interior Designer,Female,Nyandarua
Client_820,Structural Engineer,Male,Kisii
Client_821,Hydrologist,Prefer not to say,Nairobi
Client_822,Project Manager,Prefer not to say,Bomet
Client_823,Geotechnical Engineer,Prefer not to say,Isiolo
Client_824,Construction Manager,Male,Kitui
Client_825,Hydrologist,Prefer not to say,Kisii
Client_826,Water Engineer,Prefer not to say,Narok
Client_827,Landscape Architect,Male,Kitui
Client_828,Structural Engineer,Prefer not to say,Lamu
Client_829,Land Surveyor,Prefer not to say,WestPokot
Client_830,Electrical Engineer,Female,Kirinyaga
Client_831,Quantity Surveyor,Male,ElgeyoMarakwet
Client_832,Landscape Architect,Male,Marsabit
Client_833,Geologist,Female,Kajiado
Client_834,Quantity Surveyor,Male,Kiambu
Client_835,Safety Officer,Female,Kilifi
Client_836,Interior Designer,Prefer not to say,WestPokot
Client_837,Electrical Engineer,Male,Lamu
Client_838,Hydrologist,Male,Kajiado
Client_839,Quantity Surveyor,Female,Mandera
Client_840,Construction Manager,Male,Siaya
Client_841,Hydrologist,Male,Kakamega
Client_842,Interior Designer,Female,Migori
Client_843,Interior Designer,Prefer not to say,Siaya
Client_844,Safety Officer,Prefer not to say,Narok
Client_845,Electrical Engineer,Prefer not to say,Turkana
Client_846,Architect,Prefer not to say,Garissa
Client_847,Project Manager,Male,TanaRiver
Client_848,Geologist,Female,Mandera
Client_849,Mechanical Engineer,Female,Kitui
Client_850,Mechanical Engineer,Prefer not to say,Samburu
Client_851,Quantity Surveyor,Male,Mombasa
Client_852,Quantity Surveyor,Prefer not to say,Muranga
Client_853,Geologist,Prefer not to say,Kwale
Client_854,Mechanical Engineer,Male,Kericho
Client_855,Quantity Surveyor,Male,Garissa
Client_856,Environmental Officer,Prefer not to say,Mombasa
Client_857,Quantity Surveyor,Prefer not to say,Garissa
Client_858,Geologist,Male,Bomet
Client_859,Topo Surveyor,Male,Vihiga
Client_860,Landscape Architect,Male,Mandera
Client_861,Mechanical Engineer,Female,Busia
Client_862,Mechanical Engineer,Female,Kisumu
Client_863,Water Engineer,Female,Kitui
Client_864,Environmental Officer,Male,Embu
Client_865,Electrical Engineer,Male,Turkana
Client_866,Construction Manager,Prefer not to say,WestPokot
Client_867,Hydrologist,Prefer not to say,Nairobi
Client_868,Construction Manager,Male,Baringo
Client_869,Safety Officer,Female,Busia
Client_870,Environmental Officer,Prefer not to say,Machakos
Client_871,Topo Surveyor,Female,Kilifi
Client_872,Interior Designer,Female,Laikipia
Client_873,Architect,Prefer not to say,Kiambu
Client_874,Water Engineer,Female,Turkana
Client_875,Architect,Prefer not to say,TransNzoia
Client_876,Electrical Engineer,Female,ElgeyoMarakwet
Client_877,Land Surveyor,Prefer not to say,Vihiga
Client_878,Land Surveyor,Prefer not to say,Nakuru
Client_879,Hydrologist,Female,WestPokot
Client_880,Topo Surveyor,Female,UasinGishu
Client_881,Project Manager,Female,Meru
Client_882,Architect,Female,ElgeyoMarakwet
Client_883,Topo Surveyor,Female,Migori
Client_884,Quantity Surveyor,Female,Kakamega
Client_885,Water Engineer,Female,Embu
Client_886,Interior Designer,Male,UasinGishu
Client_887,Environmental Officer,Prefer not to say,ElgeyoMarakwet
Client_888,Environmental Officer,Prefer not to say,Kakamega
Client_889,Geologist,Male,Kisii
Client_890,Project Manager,Male,Nakuru
Client_891,Interior Designer,Prefer not to say,Nyeri
Client_892,Project Manager,Female,TransNzoia
Client_893,Interior Designer,Male,Baringo
Client_894,Topo Surveyor,Prefer not to say,Turkana
Client_895,Geologist,Male,Busia
Client_896,Electrical Engineer,Male,TharakaNithi
Client_897,Land Surveyor,Male,Embu
Client_898,Roads Engineer,Male,Baringo
Client_899,Hydrologist,Prefer not to say,Nyandarua
Client_900,Land Surveyor,Female,Narok
Client_901,Landscape Architect,Female,Samburu
Client_902,Geologist,Male,TharakaNithi
Client_903,Hydrologist,Female,Busia
Client_904,Mechanical Engineer,Female,Nyandarua
Client_905,Environmental Officer,Male,Muranga
Client_906,Mechanical Engineer,Female,WestPokot
Client_907,Landscape Architect,Male,Embu
Client_908,Water Engineer,Female,Wajir
Client_909,Project Manager,Female,Bungoma
Client_910,Landscape Architect,Female,Garissa
Client_911,Environmental Officer,Female,Nandi
Client_912,Structural Engineer,Female,Kiambu
Client_913,Landscape Architect,Female,ElgeyoMarakwet
Client_914,Water Engineer,Female,Makueni
Client_915,Land Surveyor,Female,Nyeri
Client_916,Structural Engineer,Female,Siaya
Client_917,Land Surveyor,Prefer not to say,TanaRiver
Client_918,Mechanical Engineer,Female,Laikipia
Client_919,Water Engineer,Female,Nairobi
Client_920,Geologist,Female,Garissa
Client_921,Electrical Engineer,Female,Siaya
Client_922,Environmental Officer,Prefer not to say,Kisii
Client_923,Water Engineer,Prefer not to say,Baringo
Client_924,Topo Surveyor,Female,Kirinyaga
Client_925,Quantity Surveyor,Female,TaitaTaveta
Client_926,Geologist,Female,Isiolo
Client_927,Landscape Architect,Female,Muranga
Client_928,Structural Engineer,Prefer not to say,Lamu
Client_929,Land Surveyor,Prefer not to say,Kakamega
Client_930,Structural Engineer,Prefer not to say,TaitaTaveta
Client_931,Geologist,Female,Kitui
Client_932,Geotechnical Engineer,Prefer not to say,Nairobi
Client_933,Electrical Engineer,Female,Bungoma
Client_934,Safety Officer,Male,Baringo
Client_935,Roads Engineer,Prefer not to say,Narok
Client_936,Safety Officer,Female,Mandera
Client_937,Mechanical Engineer,Male,TaitaTaveta
Client_938,Landscape Architect,Male,WestPokot
Client_939,Architect,Prefer not to say,Meru
Client_940,Project Manager,Male,Muranga
Client_941,Architect,Female,ElgeyoMarakwet
Client_942,Construction Manager,Male,Mandera
Client_943,Topo Surveyor,Female,Kericho
Client_944,Architect,Female,Narok
Client_945,Interior Designer,Female,Kwale
Client_946,Environmental Officer,Prefer not to say,Kisii
Client_947,Interior Designer,Male,Narok
Client_948,Environmental Officer,Prefer not to say,TharakaNithi
Client_949,Landscape Architect,Female,Kericho
Client_950,Water Engineer,Female,Busia
Client_951,Topo Surveyor,Prefer not to say,Kitui
Client_952,Construction Manager,Female,Kwale
Client_953,Hydrologist,Female,Laikipia
Client_954,Architect,Female,Turkana
Client_955,Project Manager,Male,Baringo
Client_956,Environmental Officer,Male,TharakaNithi
Client_957,Landscape Architect,Prefer not to say,Kisumu
Client_958,Mechanical Engineer,Male,Nyeri
Client_959,Geologist,Prefer not to say,Machakos
Client_960,Geotechnical Engineer,Prefer not to say,ElgeyoMarakwet
Client_961,Safety Officer,Male,Migori
Client_962,Landscape Architect,Male,ElgeyoMarakwet
Client_963,Quantity Surveyor,Female,Marsabit
Client_964,Land Surveyor,Prefer not to say,Siaya
Client_965,Land Surveyor,Female,Kirinyaga
Client_966,Geotechnical Engineer,Male,Nyandarua
Client_967,Construction Manager,Male,Busia
Client_968,Landscape Architect,Female,Bungoma
Client_969,Landscape Architect,Female,Kisumu
Client_970,Hydrologist,Male,Meru
Client_971,Roads Engineer,Male,Narok
Client_972,Project Manager,Female,Kitui
Client_973,Construction Manager,Prefer not to say,Turkana
Client_974,Land Surveyor,Female,TransNzoia
Client_975,Land Surveyor,Prefer not to say,Kirinyaga
Client_976,Topo Surveyor,Prefer not to say,Nyamira
Client_977,Hydrologist,Male,Mombasa
Client_978,Structural Engineer,Prefer not to say,Garissa
Client_979,Geotechnical Engineer,Male,Nandi
Client_980,Water Engineer,Female,Kwale
Client_981,Quantity Surveyor,Female,Kitui
Client_982,Mechanical Engineer,Female,Nyamira
Client_983,Landscape Architect,Prefer not to say,Nairobi
Client_984,Geologist,Prefer not to say,Kitui
Client_985,Geotechnical Engineer,Female,WestPokot
Client_986,Hydrologist,Male,Samburu
Client_987,Environmental Officer,Prefer not to say,Busia
Client_988,Water Engineer,Prefer not to say,UasinGishu
Client_989,Interior Designer,Prefer not to say,Kisumu
Client_990,Hydrologist,Male,Nyeri
Client_991,Interior Designer,Prefer not to say,TransNzoia
Client_992,Interior Designer,Female,Migori
Client_993,Mechanical Engineer,Prefer not to say,Embu
Client_994,Construction Manager,Male,Kisii
Client_995,Architect,Male,ElgeyoMarakwet
Client_996,Landscape Architect,Prefer not to say,TanaRiver
Client_997,Mechanical Engineer,Prefer not to say,Marsabit
Client_998,Water Engineer,Prefer not to say,HomaBay
Client_999,Topo Surveyor,Female,Kajiado
Client_1000,Project Manager,Female,Lamu
